{"epoch": 15, "train_loss": 0.08416274346008494, "val_loss": 0.584980309009552, "_timestamp": 1698693615.380047, "_runtime": 7071.048092126846, "_step": 18, "val_image": {"_type": "image-file", "sha256": "13c8dd8b7e71d1cd1b20f046a4471d660f20859c7c6625c5cd266f4d9ffe3705", "size": 79537, "path": "media/images/val_image_18_13c8dd8b7e71d1cd1b20.png", "format": "png", "width": 224, "height": 224, "caption": "True: 3, Pred: 2"}, "_wandb": {"runtime": 320}}